prompt_number,prompt,latency_seconds,response
1,What is the capital of France?,6.2913658618927,"What is the capital of France? Paris
What is the capital of France?
The capital of France is Paris. Paris is the largest city in France and is located in the northern part of the country. It is situated on the Seine River and is known for its iconic landmarks such"
2,Who wrote the play Hamlet?,3.323575019836426,"Who wrote the play Hamlet? William Shakespeare
What is the main theme of the play Hamlet? The main theme of the play Hamlet is the struggle between appearance and reality, and the corrupting influence of ambition and power.
What is the name of the prince who is the"
3,What is 17 times 24?,3.3894588947296143,"What is 17 times 24? [closed]
17 × 24 = 408
closed as off-topic by user21820, Leucippus, The Dead Leg, TheSimpliFire, Jyrki LahtonenJun 14 at 14:15
"
4,Write a haiku about the ocean.,3.3345746994018555,"Write a haiku about the ocean. The haiku should include the waves crashing against the shore.
Crashing waves so free
Soothing sound of the sea
Peaceful ocean scene
The haiku has a 5-7-5 syllable structure, with the first line having"
5,"If Alice is older than Bob and Bob is older than Carol, who is the oldest?",3.5585858821868896,"If Alice is older than Bob and Bob is older than Carol, who is the oldest? [ #permalink ] New post   21 Mar 2018, 08:35
If Alice is older than Bob and Bob is older than Carol, who is the oldest?
A) Alice
B) Bob
C) Carol
D"
6,Write a Python function to reverse a string.,3.4451510906219482,"Write a Python function to reverse a string. The function should take a string as input and return the reversed string.

## Step 1: Define the function
We will define a function called `reverse_string` that takes one argument, `s`, which is the string to be reversed.

##"
7,Describe the process of photosynthesis in one sentence.,3.6130001544952393,"Describe the process of photosynthesis in one sentence. Photosynthesis is the process by which plants, algae, and some bacteria convert light energy from the sun into chemical energy in the form of glucose, releasing oxygen as a byproduct.
What is the main product of photosynthesis?
The main product of photos"
8,What is the boiling point of water in Celsius?,3.3639180660247803,"What is the boiling point of water in Celsius? 100 degrees Celsius.
What is the boiling point of water in Fahrenheit? 212 degrees Fahrenheit.
What is the freezing point of water in Celsius? 0 degrees Celsius.
What is the freezing point of water in Fahrenheit? 32 degrees Fahrenheit.
"
9,Translate 'Good morning' to Spanish.,3.393550157546997,"Translate 'Good morning' to Spanish. Good morning. Buenos días.
Translate 'Good morning' to German. Good morning. Guten Morgen.
Translate 'Good morning' to French. Good morning. Bonjour.
Translate 'Good morning' to Italian. Good morning. Buongi"
10,List three uses for a paperclip.,3.3389718532562256,"List three uses for a paperclip. What are the use of paperclip in the office?
A paperclip is a simple, versatile tool that has been used for many years in offices and homes. Here are three uses for a paperclip:
1. Holding together papers: The most common"
